countyName,latitude,longitude,temperature,temperature_unit,relativeHumidity,precipitationProbability,visibility,visibility_unit,hazard_phenomenon,hazard_significance,alert_event,alert_severity,alert_urgency,alert_expires
Foard,33.97408519,-99.77871109,26.666666666666668,wmoUnit:degC,54,1,,,,,,,,
Blanco,30.26636128,-98.39974086,26.666666666666668,wmoUnit:degC,82,89,9656.064,wmoUnit:m,FA,A,Flood Watch,Severe,Future,2026-10-01T18:30:00-05:00
Hockley,33.60750375,-102.3430919,20.0,wmoUnit:degC,59,0,16093.44,wmoUnit:m,,,,,,
Llano,30.70566579,-98.68387398,26.11111111111111,wmoUnit:degC,77,74,9559.50336,wmoUnit:m,FA,A,Flood Watch,Severe,Future,2026-10-01T18:30:00-05:00
Swisher,34.53064989,-101.734951,19.444444444444443,wmoUnit:degC,61,1,16093.44,wmoUnit:m,,,,,,
Titus,33.2160906,-94.96509786,30.0,wmoUnit:degC,68,45,16093.44,wmoUnit:m,,,,,,
Navarro,32.04695429,-96.47248134,28.333333333333332,wmoUnit:degC,80,79,3283.06176,wmoUnit:m,FA,A,Flood Watch,Severe,Future,2026-10-01T15:00:00-05:00
Brazoria,29.19345387,-95.45578479,30.555555555555557,wmoUnit:degC,75,39,16093.44,wmoUnit:m,,,Rip Current Statement,Moderate,Expected,2026-10-01T19:00:00-05:00
Hidalgo,26.396627,-98.18088681,35.0,wmoUnit:degC,56,4,,,,,Special Weather Statement,Moderate,Expected,2026-10-01T18:00:00-05:00
Archer,33.61539176,-98.68783437,26.666666666666668,wmoUnit:degC,72,15,,,,,,,,
Refugio,28.32681413,-97.16546961,32.77777777777778,wmoUnit:degC,66,25,13743.79776,wmoUnit:m,,,,,,
Andrews,32.30506283,-102.6378839,22.22222222222222,wmoUnit:degC,51,0,16093.44,wmoUnit:m,,,,,,
Galveston,29.39424415,-94.96474975,31.666666666666668,wmoUnit:degC,73,35,16093.44,wmoUnit:m,,,Rip Current Statement,Moderate,Expected,2026-10-01T19:00:00-05:00
De Witt,29.08201599,-97.35666976,32.77777777777778,wmoUnit:degC,60,36,16093.44,wmoUnit:m,,,,,,
Gonzales,29.45641495,-97.49279927,32.22222222222222,wmoUnit:degC,64,42,16093.44,wmoUnit:m,FA,A,Flood Watch,Severe,Future,2026-10-01T18:30:00-05:00
Wharton,29.2778362,-96.22197375,31.666666666666668,wmoUnit:degC,68,58,16093.44,wmoUnit:m,,,,,,
Fannin,33.59396919,-96.10656755,25.555555555555557,wmoUnit:degC,91,86,9656.064,wmoUnit:m,FA,A,Flood Watch,Severe,Future,2026-10-01T15:00:00-05:00
Madison,30.96564645,-95.92818441,31.11111111111111,wmoUnit:degC,70,49,16093.44,wmoUnit:m,,,,,,
Moore,35.83768863,-101.8929556,17.77777777777778,wmoUnit:degC,73,14,16093.44,wmoUnit:m,,,Flood Advisory,Minor,Expected,2026-10-01T16:15:00-05:00
Tyler,30.7712607,-94.37651432,30.555555555555557,wmoUnit:degC,73,15,16093.44,wmoUnit:m,,,,,,
Lipscomb,36.27778432,-100.27317,20.0,wmoUnit:degC,76,19,16093.44,wmoUnit:m,,,,,,
Burleson,30.49246139,-96.62109399,31.11111111111111,wmoUnit:degC,68,62,16093.44,wmoUnit:m,,,,,,
Jim Hogg,27.04340499,-98.6972921,33.888888888888886,wmoUnit:degC,52,7,,,,,,,,
Throckmorton,33.17753907,-99.21236832,26.666666666666668,wmoUnit:degC,62,7,16093.44,wmoUnit:m,,,Flood Watch,Minor,Past,2026-10-01T09:38:02-05:00
Kleberg,27.43274395,-97.72889778,33.888888888888886,wmoUnit:degC,60,11,16093.44,wmoUnit:m,FA,A,Flood Watch,Severe,Future,2026-10-01T13:00:00-05:00
Shelby,31.79242191,-94.14495261,32.22222222222222,wmoUnit:degC,58,3,16093.44,wmoUnit:m,,,,,,
Garza,33.17991074,-101.2984496,24.444444444444443,wmoUnit:degC,48,0,16093.44,wmoUnit:m,,,,,,
Karnes,28.90493782,-97.85960621,32.77777777777778,wmoUnit:degC,58,44,16093.44,wmoUnit:m,,,,,,
Reeves,31.32307061,-103.693143,22.22222222222222,wmoUnit:degC,51,0,16093.44,wmoUnit:m,,,,,,
Houston,31.31764137,-95.42225367,31.11111111111111,wmoUnit:degC,68,46,16093.44,wmoUnit:m,,,,,,
El Paso,31.7686226,-106.2352229,20.555555555555557,wmoUnit:degC,55,0,16093.44,wmoUnit:m,,,Flood Warning,Severe,Immediate,2026-10-01T18:45:00-06:00
Carson,35.40346802,-101.3542037,18.333333333333332,wmoUnit:degC,70,3,16093.44,wmoUnit:m,,,,,,
Medina,29.35520493,-99.11008331,26.666666666666668,wmoUnit:degC,85,81,9656.064,wmoUnit:m,FA,A,Flood Advisory,Minor,Expected,2026-10-01T15:00:00-05:00
Wichita,33.98421585,-98.70153389,27.22222222222222,wmoUnit:degC,65,15,,,,,,,,
Chambers,29.73912276,-94.60891308,31.11111111111111,wmoUnit:degC,70,30,16093.44,wmoUnit:m,,,,,,
Donley,34.96540246,-100.8140501,20.555555555555557,wmoUnit:degC,61,1,16093.44,wmoUnit:m,,,,,,
Hopkins,33.14933822,-95.56414173,28.333333333333332,wmoUnit:degC,72,69,9656.064,wmoUnit:m,,,,,,
Lampasas,31.19627791,-98.24142711,25.0,wmoUnit:degC,90,81,9559.50336,wmoUnit:m,FA,A,Flood Watch,Severe,Future,2026-10-01T15:00:00-05:00
Falls,31.25317017,-96.93579511,30.0,wmoUnit:degC,77,80,9656.064,wmoUnit:m,FA,A,Flood Watch,Severe,Future,2026-10-01T15:00:00-05:00
Stephens,32.73584155,-98.83612016,26.666666666666668,wmoUnit:degC,67,23,16093.44,wmoUnit:m,FA,A,Flood Watch,Severe,Future,2026-10-01T15:00:00-05:00
Travis,30.33423319,-97.78194654,30.0,wmoUnit:degC,70,84,9656.064,wmoUnit:m,FA,A,Flood Advisory,Minor,Expected,2026-10-01T15:00:00-05:00
Roberts,35.8385577,-100.8135689,20.555555555555557,wmoUnit:degC,70,5,16093.44,wmoUnit:m,,,,,,
Crosby,33.61459873,-101.2998612,22.22222222222222,wmoUnit:degC,53,0,16093.44,wmoUnit:m,,,,,,
Kerr,30.06153035,-99.35016969,24.444444444444443,wmoUnit:degC,85,65,9656.064,wmoUnit:m,FA,A,Flood Watch,Severe,Future,2026-10-01T18:30:00-05:00
Wood,32.78634374,-95.38206498,30.555555555555557,wmoUnit:degC,65,53,16093.44,wmoUnit:m,,,,,,
Jack,33.23345819,-98.1725509,25.555555555555557,wmoUnit:degC,85,42,16093.44,wmoUnit:m,FA,A,Flood Watch,Severe,Future,2026-10-01T15:00:00-05:00
Marion,32.79797929,-94.35725239,31.11111111111111,wmoUnit:degC,61,9,16093.44,wmoUnit:m,,,,,,
Hale,34.07051782,-101.8269082,18.88888888888889,wmoUnit:degC,65,0,16093.44,wmoUnit:m,,,,,,
Jeff Davis,30.71559322,-104.1403539,18.333333333333332,wmoUnit:degC,47,0,16093.44,wmoUnit:m,,,,,,
Tarrant,32.77185236,-97.29116473,26.11111111111111,wmoUnit:degC,91,81,9559.50336,wmoUnit:m,FA,A,Flood Warning,Severe,Expected,2026-10-02T02:00:00-05:00
Waller,30.01093722,-95.98768942,30.555555555555557,wmoUnit:degC,72,57,16093.44,wmoUnit:m,,,,,,
Reagan,31.36617698,-101.5230108,23.88888888888889,wmoUnit:degC,50,0,16093.44,wmoUnit:m,,,,,,
Smith,32.37514553,-95.26909511,30.555555555555557,wmoUnit:degC,68,36,16093.44,wmoUnit:m,,,,,,
Van Zandt,32.56368961,-95.8364862,28.88888888888889,wmoUnit:degC,74,66,9656.064,wmoUnit:m,,,,,,
Cooke,33.638465,-97.21247642,23.88888888888889,wmoUnit:degC,97,76,9656.064,wmoUnit:m,FA,A,Flood Watch,Severe,Future,2026-10-01T15:00:00-05:00
Zavala,28.86530621,-99.76102001,27.77777777777778,wmoUnit:degC,79,67,9656.064,wmoUnit:m,FA,A,Flood Watch,Severe,Future,2026-10-01T18:30:00-05:00
Hall,34.53074134,-100.6809876,23.333333333333332,wmoUnit:degC,55,0,16093.44,wmoUnit:m,,,,,,
Kendall,29.9446397,-98.71160511,26.11111111111111,wmoUnit:degC,85,91,9656.064,wmoUnit:m,FA,A,Flood Watch,Severe,Future,2026-10-01T18:30:00-05:00
Goliad,28.65708563,-97.42646082,32.77777777777778,wmoUnit:degC,62,29,15417.51552,wmoUnit:m,,,,,,
Yoakum,33.17293501,-102.8278792,20.555555555555557,wmoUnit:degC,55,0,16093.44,wmoUnit:m,,,,,,
Knox,33.60614755,-99.74144313,26.666666666666668,wmoUnit:degC,52,1,,,,,,,,
McLennan,31.55234489,-97.20184883,26.11111111111111,wmoUnit:degC,94,89,9656.064,wmoUnit:m,FA,A,Flood Watch,Severe,Future,2026-10-01T15:00:00-05:00
Brewster,29.81205836,-103.2518906,27.22222222222222,wmoUnit:degC,38,0,16093.44,wmoUnit:m,,,,,,
Panola,32.16222886,-94.30552858,31.666666666666668,wmoUnit:degC,57,5,16093.44,wmoUnit:m,,,,,,
Bandera,29.74724753,-99.24637282,25.0,wmoUnit:degC,87,77,9656.064,wmoUnit:m,FA,A,Flood Watch,Severe,Future,2026-10-01T18:30:00-05:00
Parmer,34.53014507,-102.784594,18.88888888888889,wmoUnit:degC,61,2,16093.44,wmoUnit:m,,,,,,
Rockwall,32.89786769,-96.40780584,26.11111111111111,wmoUnit:degC,94,85,9656.064,wmoUnit:m,FA,A,Flood Watch,Severe,Future,2026-10-01T15:00:00-05:00
Trinity,31.0885069,-95.13551682,31.11111111111111,wmoUnit:degC,63,38,16093.44,wmoUnit:m,,,,,,
Bosque,31.90050476,-97.63437613,26.11111111111111,wmoUnit:degC,88,83,9559.50336,wmoUnit:m,FA,A,Flood Watch,Severe,Future,2026-10-01T15:00:00-05:00
Coke,31.88849293,-100.5298747,26.11111111111111,wmoUnit:degC,56,2,16093.44,wmoUnit:m,,,Flood Watch,Minor,Past,2026-10-01T09:38:02-05:00
Franklin,33.17550691,-95.21841437,29.444444444444443,wmoUnit:degC,67,56,16093.44,wmoUnit:m,,,,,,
Hill,31.99079033,-97.1324142,25.555555555555557,wmoUnit:degC,97,90,2639.32416,wmoUnit:m,FA,A,Flood Advisory,Minor,Expected,2026-10-01T14:00:00-05:00
Calhoun,28.48966896,-96.64708119,32.22222222222222,wmoUnit:degC,68,27,15658.91712,wmoUnit:m,,,,,,
Midland,31.86921148,-102.0315032,23.88888888888889,wmoUnit:degC,50,0,16093.44,wmoUnit:m,,,,,,
Brown,31.77432313,-98.99989649,24.444444444444443,wmoUnit:degC,85,35,11265.408,wmoUnit:m,FA,A,Flood Watch,Severe,Future,2026-10-01T17:30:00-05:00
Wilson,29.17315896,-98.08621015,31.11111111111111,wmoUnit:degC,66,66,16093.44,wmoUnit:m,FA,A,Flood Watch,Severe,Future,2026-10-01T18:30:00-05:00
Oldham,35.40497586,-102.6029949,17.77777777777778,wmoUnit:degC,65,12,16093.44,wmoUnit:m,,,Flood Advisory,Minor,Expected,2026-10-01T15:45:00-05:00
Freestone,31.70486443,-96.14918535,28.88888888888889,wmoUnit:degC,77,58,9656.064,wmoUnit:m,,,,,,
Sabine,31.34321941,-93.85170439,31.666666666666668,wmoUnit:degC,61,7,16093.44,wmoUnit:m,,,,,,
Deaf Smith,34.96602014,-102.6048162,17.22222222222222,wmoUnit:degC,67,8,16093.44,wmoUnit:m,,,Flood Advisory,Minor,Expected,2026-10-01T16:15:00-05:00
Angelina,31.25475875,-94.611742,32.22222222222222,wmoUnit:degC,66,8,16093.44,wmoUnit:m,,,,,,
Kent,33.18284492,-100.7791031,25.0,wmoUnit:degC,50,0,16093.44,wmoUnit:m,,,,,,
Red River,33.62074539,-95.0501886,29.444444444444443,wmoUnit:degC,72,62,9656.064,wmoUnit:m,,,,,,
Kinney,29.35000302,-100.4178441,26.11111111111111,wmoUnit:degC,79,25,9656.064,wmoUnit:m,,,,,,
Denton,33.205574,-97.11681154,25.555555555555557,wmoUnit:degC,94,81,9559.50336,wmoUnit:m,FA,A,Flash Flood Warning,Severe,Immediate,2026-10-01T12:30:00-05:00
Sutton,30.49747152,-100.5382263,25.555555555555557,wmoUnit:degC,71,14,16093.44,wmoUnit:m,,,Flood Warning,Severe,Expected,2026-10-01T15:30:00-05:00
Guadalupe,29.58257236,-97.94850308,30.555555555555557,wmoUnit:degC,68,68,16093.44,wmoUnit:m,FA,A,Flood Watch,Severe,Future,2026-10-01T18:30:00-05:00
Winkler,31.85008609,-103.0484794,22.77777777777778,wmoUnit:degC,51,0,16093.44,wmoUnit:m,,,,,,
Dimmit,28.42161168,-99.760574,29.444444444444443,wmoUnit:degC,70,76,9656.064,wmoUnit:m,FA,A,Flood Watch,Severe,Future,2026-10-01T18:30:00-05:00
Wise,33.21585061,-97.65444124,25.555555555555557,wmoUnit:degC,88,65,9656.064,wmoUnit:m,FA,A,Flood Watch,Severe,Future,2026-10-01T15:00:00-05:00
Hemphill,35.83750155,-100.2704628,20.555555555555557,wmoUnit:degC,70,7,16093.44,wmoUnit:m,,,,,,
Potter,35.40128927,-101.8940484,18.333333333333332,wmoUnit:degC,70,5,16093.44,wmoUnit:m,,,Flood Warning,Severe,Immediate,2026-10-01T16:00:00-05:00
Childress,34.52929257,-100.2075664,23.88888888888889,wmoUnit:degC,62,0,16093.44,wmoUnit:m,,,,,,
Willacy,26.47132899,-97.64303323,34.44444444444444,wmoUnit:degC,59,10,,,,,Special Weather Statement,Moderate,Expected,2026-10-01T18:00:00-05:00
Bastrop,30.10353518,-97.31187705,31.666666666666668,wmoUnit:degC,66,60,16093.44,wmoUnit:m,FA,A,Flood Watch,Severe,Future,2026-10-01T18:30:00-05:00
Kimble,30.48676251,-99.74892716,25.0,wmoUnit:degC,82,30,16093.44,wmoUnit:m,FA,A,Flood Warning,Severe,Immediate,2026-10-01T22:30:00-05:00
Scurry,32.74720063,-100.9165071,23.88888888888889,wmoUnit:degC,50,0,16093.44,wmoUnit:m,,,,,,
Ochiltree,36.27846334,-100.815653,18.88888888888889,wmoUnit:degC,78,12,16093.44,wmoUnit:m,,,,,,
Hansford,36.27753179,-101.3545624,18.333333333333332,wmoUnit:degC,78,20,16093.44,wmoUnit:m,,,,,,
Hartley,35.83996755,-102.6028835,17.22222222222222,wmoUnit:degC,70,30,16093.44,wmoUnit:m,,,,,,
Cameron,26.13847728,-97.51499968,35.0,wmoUnit:degC,56,10,,,,,Special Weather Statement,Moderate,Expected,2026-10-01T18:00:00-05:00
Matagorda,28.86711039,-95.98533866,30.555555555555557,wmoUnit:degC,77,41,16093.44,wmoUnit:m,,,Rip Current Statement,Moderate,Expected,2026-10-01T19:00:00-05:00
Burnet,30.78843382,-98.18252382,26.11111111111111,wmoUnit:degC,77,90,9656.064,wmoUnit:m,FA,A,Flood Advisory,Minor,Expected,2026-10-01T15:00:00-05:00
Rains,32.87004212,-95.79347545,28.88888888888889,wmoUnit:degC,74,70,7885.7856,wmoUnit:m,,,,,,
Hays,30.05782657,-98.03104087,27.77777777777778,wmoUnit:degC,77,86,9656.064,wmoUnit:m,FA,A,Flood Advisory,Minor,Expected,2026-10-01T15:00:00-05:00
Mason,30.71742293,-99.2263026,23.88888888888889,wmoUnit:degC,90,55,16093.44,wmoUnit:m,FA,A,Flood Warning,Severe,Immediate,2026-10-01T22:30:00-05:00
Ward,31.509424,-103.1024636,23.333333333333332,wmoUnit:degC,50,0,16093.44,wmoUnit:m,,,,,,
Delta,33.38623601,-95.67221685,28.333333333333332,wmoUnit:degC,72,76,6405.18912,wmoUnit:m,,,,,,
Nueces,27.72621549,-97.61767326,33.888888888888886,wmoUnit:degC,60,10,16077.34656,wmoUnit:m,FA,A,Flood Watch,Severe,Future,2026-10-01T13:00:00-05:00
Callahan,32.2977738,-99.37359692,25.555555555555557,wmoUnit:degC,71,13,16093.44,wmoUnit:m,,,Flood Watch,Minor,Past,2026-10-01T09:38:02-05:00
Bell,31.03778267,-97.47790776,29.444444444444443,wmoUnit:degC,77,88,9656.064,wmoUnit:m,FA,A,Flood Watch,Severe,Future,2026-10-01T15:00:00-05:00
Cherokee,31.83695632,-95.16515234,30.555555555555557,wmoUnit:degC,68,20,16093.44,wmoUnit:m,,,,,,
Ellis,32.34839264,-96.79467417,26.666666666666668,wmoUnit:degC,91,89,2639.32416,wmoUnit:m,FA,A,Flood Advisory,Minor,Expected,2026-10-01T14:00:00-05:00
Lubbock,33.6101944,-101.8205745,20.555555555555557,wmoUnit:degC,61,1,16093.44,wmoUnit:m,,,,,,
Terrell,30.22502597,-102.0764533,25.555555555555557,wmoUnit:degC,50,0,16093.44,wmoUnit:m,,,,,,
Crockett,30.72291931,-101.4118364,26.11111111111111,wmoUnit:degC,52,4,16093.44,wmoUnit:m,,,Flood Watch,Minor,Past,2026-10-01T09:38:02-05:00
Atascosa,28.89418432,-98.52741302,30.0,wmoUnit:degC,70,77,16093.44,wmoUnit:m,FA,A,Flood Watch,Severe,Future,2026-10-01T18:30:00-05:00
Ector,31.86908156,-102.5430907,23.88888888888889,wmoUnit:degC,48,0,16093.44,wmoUnit:m,,,,,,
Brazos,30.6610425,-96.3022943,30.555555555555557,wmoUnit:degC,75,56,16093.44,wmoUnit:m,,,,,,
Aransas,28.12709562,-96.99258951,30.0,wmoUnit:degC,85,12,13454.11584,wmoUnit:m,,,,,,
Dallas,32.76653746,-96.77781862,26.11111111111111,wmoUnit:degC,94,88,9559.50336,wmoUnit:m,FA,A,Flash Flood Warning,Severe,Immediate,2026-10-01T12:30:00-05:00
Howard,32.30610232,-101.4355097,23.88888888888889,wmoUnit:degC,50,0,16093.44,wmoUnit:m,,,,,,
Motley,34.07409017,-100.7798961,23.333333333333332,wmoUnit:degC,50,0,16093.44,wmoUnit:m,,,,,,
San Augustine,31.39427005,-94.16809762,31.11111111111111,wmoUnit:degC,66,5,16093.44,wmoUnit:m,,,,,,
Maverick,28.74260943,-100.3144638,27.77777777777778,wmoUnit:degC,79,46,9656.064,wmoUnit:m,,,,,,
Erath,32.23640361,-98.21722756,25.555555555555557,wmoUnit:degC,82,58,9656.064,wmoUnit:m,FA,A,Flood Watch,Severe,Future,2026-10-01T15:00:00-05:00
Dickens,33.61663428,-100.7788138,25.0,wmoUnit:degC,45,0,16093.44,wmoUnit:m,,,,,,
Caldwell,29.83677935,-97.61983479,31.11111111111111,wmoUnit:degC,66,65,16093.44,wmoUnit:m,FA,A,Flood Watch,Severe,Future,2026-10-01T18:30:00-05:00
Dawson,32.74258137,-101.9476136,21.666666666666668,wmoUnit:degC,57,0,16093.44,wmoUnit:m,,,,,,
Camp,32.97321771,-94.97860185,30.555555555555557,wmoUnit:degC,61,37,16093.44,wmoUnit:m,,,,,,
Duval,27.68133382,-98.50889672,33.333333333333336,wmoUnit:degC,56,10,16029.06624,wmoUnit:m,FA,A,Flood Watch,Severe,Future,2026-10-01T13:00:00-05:00
Hunt,33.123531,-96.08550014,26.666666666666668,wmoUnit:degC,88,81,9656.064,wmoUnit:m,FA,A,Flood Watch,Severe,Future,2026-10-01T15:00:00-05:00
Mills,31.49524259,-98.59552736,25.555555555555557,wmoUnit:degC,85,61,9656.064,wmoUnit:m,FA,A,Flood Watch,Severe,Future,2026-10-01T15:00:00-05:00
Val Verde,29.89300587,-101.15171,27.22222222222222,wmoUnit:degC,65,10,16093.44,wmoUnit:m,,,Flood Warning,Severe,Immediate,2026-10-01T23:15:00-05:00
Pecos,30.78100044,-102.7235743,23.88888888888889,wmoUnit:degC,45,0,16093.44,wmoUnit:m,,,,,,
Baylor,33.61648147,-99.21351964,27.77777777777778,wmoUnit:degC,55,3,,,,,,,,
Gregg,32.48036452,-94.81723694,31.666666666666668,wmoUnit:degC,56,18,16093.44,wmoUnit:m,,,,,,
Cochran,33.60410808,-102.8285264,19.444444444444443,wmoUnit:degC,56,1,16093.44,wmoUnit:m,,,,,,
Jasper,30.74391255,-94.02495849,31.666666666666668,wmoUnit:degC,66,26,16093.44,wmoUnit:m,,,,,,
Hamilton,31.70479181,-98.11066654,25.0,wmoUnit:degC,90,74,9575.5968,wmoUnit:m,FA,A,Flood Watch,Severe,Future,2026-10-01T15:00:00-05:00
Castro,34.53000304,-102.2617608,17.77777777777778,wmoUnit:degC,70,1,16093.44,wmoUnit:m,,,,,,
Sterling,31.82786516,-101.0500699,25.0,wmoUnit:degC,54,2,16093.44,wmoUnit:m,,,Flood Watch,Minor,Past,2026-10-01T09:38:02-05:00
Starr,26.56212627,-98.73834895,35.55555555555556,wmoUnit:degC,51,7,,,,,Special Weather Statement,Moderate,Expected,2026-10-01T18:00:00-05:00
Crane,31.42846287,-102.5156425,23.88888888888889,wmoUnit:degC,48,0,16093.44,wmoUnit:m,,,,,,
Briscoe,34.53041048,-101.2085769,20.555555555555557,wmoUnit:degC,57,1,16093.44,wmoUnit:m,,,,,,
Tom Green,31.4044442,-100.4620678,26.11111111111111,wmoUnit:degC,67,4,16093.44,wmoUnit:m,,,Flood Watch,Minor,Past,2026-10-01T09:38:02-05:00
Menard,30.88981785,-99.82061472,25.0,wmoUnit:degC,82,22,16093.44,wmoUnit:m,,,Flood Warning,Severe,Expected,2026-10-01T15:30:00-05:00
Parker,32.77852261,-97.80472194,24.444444444444443,wmoUnit:degC,94,64,9656.064,wmoUnit:m,FA,A,Flood Watch,Severe,Future,2026-10-01T15:00:00-05:00
Walker,30.73899492,-95.57224172,31.666666666666668,wmoUnit:degC,61,48,16093.44,wmoUnit:m,,,,,,
Brooks,27.0315669,-98.21874127,35.0,wmoUnit:degC,50,8,,,,,Special Weather Statement,Moderate,Expected,2026-10-01T18:00:00-05:00
La Salle,28.34621032,-99.1034773,31.11111111111111,wmoUnit:degC,66,27,16093.44,wmoUnit:m,FA,A,Flood Watch,Severe,Future,2026-10-01T13:00:00-05:00
Edwards,29.98248216,-100.3048937,25.0,wmoUnit:degC,76,22,16093.44,wmoUnit:m,,,Flood Advisory,Minor,Expected,2026-10-01T13:00:00-05:00
Lee,30.31065065,-96.96568735,31.666666666666668,wmoUnit:degC,64,56,16093.44,wmoUnit:m,,,,,,
Robertson,31.02705415,-96.51272568,30.555555555555557,wmoUnit:degC,72,60,9656.064,wmoUnit:m,,,,,,
Young,33.17670764,-98.68781396,26.666666666666668,wmoUnit:degC,72,22,16093.44,wmoUnit:m,FA,A,Flood Watch,Severe,Future,2026-10-01T15:00:00-05:00
Bee,28.41736675,-97.74116811,33.333333333333336,wmoUnit:degC,58,18,16061.25312,wmoUnit:m,FA,A,Flood Watch,Severe,Future,2026-10-01T13:00:00-05:00
Clay,33.78379717,-98.208958,25.555555555555557,wmoUnit:degC,76,29,,,,,,,,
San Jacinto,30.57948905,-95.16683273,31.666666666666668,wmoUnit:degC,66,41,16093.44,wmoUnit:m,,,,,,
Uvalde,29.35669829,-99.76203107,26.11111111111111,wmoUnit:degC,88,59,9656.064,wmoUnit:m,FA,A,Flood Watch,Severe,Future,2026-10-01T18:30:00-05:00
Haskell,33.17824805,-99.73029401,26.666666666666668,wmoUnit:degC,51,1,16093.44,wmoUnit:m,,,Flood Watch,Minor,Past,2026-10-01T09:38:02-05:00
Somervell,32.22229511,-97.77456553,26.11111111111111,wmoUnit:degC,88,74,9656.064,wmoUnit:m,FA,A,Flood Watch,Severe,Future,2026-10-01T15:00:00-05:00
Bexar,29.44884523,-98.51966309,28.88888888888889,wmoUnit:degC,72,93,9656.064,wmoUnit:m,FA,A,Flood Advisory,Minor,Expected,2026-10-01T15:00:00-05:00
Grayson,33.62684371,-96.67764864,23.88888888888889,wmoUnit:degC,97,85,9656.064,wmoUnit:m,FA,A,Flood Watch,Severe,Future,2026-10-01T15:00:00-05:00
Bailey,34.0684915,-102.8299069,18.88888888888889,wmoUnit:degC,58,1,16093.44,wmoUnit:m,,,,,,
Jones,32.73970429,-99.87850599,27.22222222222222,wmoUnit:degC,51,1,16093.44,wmoUnit:m,,,Flood Watch,Minor,Past,2026-10-01T09:38:02-05:00
Jefferson,29.88425832,-94.1708778,30.0,wmoUnit:degC,74,22,16093.44,wmoUnit:m,,,,,,
Rusk,32.10803224,-94.76169577,31.666666666666668,wmoUnit:degC,59,12,16093.44,wmoUnit:m,,,,,,
Glasscock,31.8694238,-101.520742,23.333333333333332,wmoUnit:degC,53,0,16093.44,wmoUnit:m,,,,,,
Gillespie,30.31800246,-98.94627245,24.444444444444443,wmoUnit:degC,79,74,2639.32416,wmoUnit:m,FA,A,Flood Watch,Severe,Future,2026-10-01T18:30:00-05:00
Fisher,32.74305155,-100.4019503,26.666666666666668,wmoUnit:degC,47,0,16093.44,wmoUnit:m,,,Flood Watch,Minor,Past,2026-10-01T09:38:02-05:00
Henderson,32.21188078,-95.85356847,30.0,wmoUnit:degC,70,59,9656.064,wmoUnit:m,,,,,,
Shackelford,32.7360276,-99.35403034,26.666666666666668,wmoUnit:degC,60,9,16093.44,wmoUnit:m,,,Flood Watch,Minor,Past,2026-10-01T09:38:02-05:00
Palo Pinto,32.75316856,-98.31299522,25.555555555555557,wmoUnit:degC,85,43,16093.44,wmoUnit:m,FA,A,Flood Watch,Severe,Future,2026-10-01T15:00:00-05:00
Wilbarger,34.08044953,-99.24089568,27.77777777777778,wmoUnit:degC,55,2,,,,,,,,
Floyd,34.07239775,-101.3033037,21.666666666666668,wmoUnit:degC,51,0,16093.44,wmoUnit:m,,,,,,
Orange,30.12807126,-93.89653794,30.555555555555557,wmoUnit:degC,73,27,16093.44,wmoUnit:m,,,,,,
Runnels,31.83105393,-99.97624799,26.11111111111111,wmoUnit:degC,67,6,16093.44,wmoUnit:m,,,Flood Watch,Minor,Past,2026-10-01T09:38:02-05:00
Coleman,31.77329421,-99.45362579,24.444444444444443,wmoUnit:degC,79,17,16093.44,wmoUnit:m,,,Flood Watch,Minor,Past,2026-10-01T09:38:02-05:00
Martin,32.30605847,-101.9512464,22.77777777777778,wmoUnit:degC,51,0,16093.44,wmoUnit:m,,,,,,
Wheeler,35.40129002,-100.2697634,22.22222222222222,wmoUnit:degC,59,3,16093.44,wmoUnit:m,,,,,,
Culberson,31.44709817,-104.5177421,18.333333333333332,wmoUnit:degC,52,0,16093.44,wmoUnit:m,,,,,,
Mitchell,32.30636024,-100.9211128,25.0,wmoUnit:degC,50,0,16093.44,wmoUnit:m,,,,,,
Hudspeth,31.45613738,-105.3869428,17.77777777777778,wmoUnit:degC,65,0,16093.44,wmoUnit:m,,,,,,
Upshur,32.7362827,-94.94132011,30.555555555555557,wmoUnit:degC,59,29,16093.44,wmoUnit:m,,,,,,
Liberty,30.15153187,-94.8120925,32.22222222222222,wmoUnit:degC,64,39,16093.44,wmoUnit:m,,,,,,
Williamson,30.64834941,-97.60105467,29.444444444444443,wmoUnit:degC,72,90,9656.064,wmoUnit:m,FA,A,Flood Advisory,Minor,Expected,2026-10-01T15:00:00-05:00
Nacogdoches,31.61604108,-94.6158776,31.11111111111111,wmoUnit:degC,68,7,16093.44,wmoUnit:m,,,,,,
Loving,31.84912973,-103.5799063,21.666666666666668,wmoUnit:degC,57,0,16093.44,wmoUnit:m,,,,,,
Jim Wells,27.73131099,-98.0898649,33.888888888888886,wmoUnit:degC,56,7,16061.25312,wmoUnit:m,FA,A,Flood Watch,Severe,Future,2026-10-01T13:00:00-05:00
Upton,31.36853957,-102.0430005,23.333333333333332,wmoUnit:degC,50,0,16093.44,wmoUnit:m,,,,,,
Newton,30.78619977,-93.74462993,31.11111111111111,wmoUnit:degC,68,26,16093.44,wmoUnit:m,,,,,,
Lamar,33.66746186,-95.57110784,27.77777777777778,wmoUnit:degC,74,79,3283.06176,wmoUnit:m,,,,,,
Polk,30.79250963,-94.82994949,32.22222222222222,wmoUnit:degC,64,29,16093.44,wmoUnit:m,,,,,,
Collin,33.18789055,-96.57248871,25.555555555555557,wmoUnit:degC,97,86,9559.50336,wmoUnit:m,FA,A,Flood Advisory,Minor,Expected,2026-10-01T13:00:00-05:00
Hardeman,34.28865227,-99.7453851,26.11111111111111,wmoUnit:degC,54,1,,,,,,,,
McMullen,28.35351091,-98.56842256,33.333333333333336,wmoUnit:degC,58,21,15369.2352,wmoUnit:m,FA,A,Flood Watch,Severe,Future,2026-10-01T13:00:00-05:00
Cottle,34.0776571,-100.2786983,25.0,wmoUnit:degC,52,0,16093.44,wmoUnit:m,,,,,,
Frio,28.86726774,-99.10826004,28.88888888888889,wmoUnit:degC,74,82,9656.064,wmoUnit:m,FA,A,Flood Watch,Severe,Future,2026-10-01T18:30:00-05:00
Gray,35.40130666,-100.812475,21.11111111111111,wmoUnit:degC,61,2,16093.44,wmoUnit:m,,,,,,
Dallam,36.27777107,-102.6021647,15.555555555555555,wmoUnit:degC,84,66,16093.44,wmoUnit:m,,,,,,
Kenedy,26.92409448,-97.68137783,34.44444444444444,wmoUnit:degC,59,13,,,,,Special Weather Statement,Moderate,Expected,2026-10-01T18:00:00-05:00
Fort Bend,29.52763253,-95.77090562,31.11111111111111,wmoUnit:degC,70,48,16093.44,wmoUnit:m,,,,,,
Armstrong,34.96522076,-101.3572412,18.88888888888889,wmoUnit:degC,65,1,16093.44,wmoUnit:m,,,,,,
Collingsworth,34.96498493,-100.2700733,22.22222222222222,wmoUnit:degC,61,1,16093.44,wmoUnit:m,,,,,,
Cass,33.07750446,-94.34348771,30.0,wmoUnit:degC,65,13,16093.44,wmoUnit:m,,,,,,
Sherman,36.27765824,-101.8933822,16.666666666666668,wmoUnit:degC,84,42,16093.44,wmoUnit:m,,,,,,
Terry,33.17373729,-102.335157,20.555555555555557,wmoUnit:degC,59,0,16093.44,wmoUnit:m,,,,,,
Limestone,31.54541898,-96.58056718,28.333333333333332,wmoUnit:degC,77,73,9656.064,wmoUnit:m,FA,A,Flood Watch,Severe,Future,2026-10-01T15:00:00-05:00
Real,29.83182711,-99.82215881,23.88888888888889,wmoUnit:degC,84,48,9656.064,wmoUnit:m,,,Flood Advisory,Minor,Expected,2026-10-01T13:00:00-05:00
Lynn,33.17685487,-101.8160235,21.11111111111111,wmoUnit:degC,59,0,16093.44,wmoUnit:m,,,,,,
Lavaca,29.38437003,-96.93020993,33.333333333333336,wmoUnit:degC,62,42,16093.44,wmoUnit:m,,,,,,
Nolan,32.3034718,-100.4060989,25.0,wmoUnit:degC,54,1,16093.44,wmoUnit:m,,,Flood Watch,Minor,Past,2026-10-01T09:38:02-05:00
Gaines,32.74074537,-102.6351246,21.11111111111111,wmoUnit:degC,57,0,16093.44,wmoUnit:m,,,,,,
Montgomery,30.30022409,-95.50301411,32.22222222222222,wmoUnit:degC,66,51,16093.44,wmoUnit:m,,,,,,
Concho,31.32645211,-99.86413426,25.555555555555557,wmoUnit:degC,74,15,16093.44,wmoUnit:m,,,Flood Watch,Minor,Past,2026-10-01T09:38:02-05:00
Hardin,30.33238431,-94.39021394,31.11111111111111,wmoUnit:degC,76,25,16093.44,wmoUnit:m,,,,,,
Harris,29.85967144,-95.39782106,31.666666666666668,wmoUnit:degC,68,50,16093.44,wmoUnit:m,,,,,,
Leon,31.29655719,-95.99554292,31.11111111111111,wmoUnit:degC,75,43,16093.44,wmoUnit:m,,,,,,
Bowie,33.44572786,-94.42324298,31.11111111111111,wmoUnit:degC,66,21,16093.44,wmoUnit:m,,,,,,
Kaufman,32.59927808,-96.28779341,27.77777777777778,wmoUnit:degC,88,82,2639.32416,wmoUnit:m,FA,A,Flood Watch,Severe,Future,2026-10-01T15:00:00-05:00
Anderson,31.81321543,-95.65251774,31.666666666666668,wmoUnit:degC,59,39,16093.44,wmoUnit:m,,,,,,
San Saba,31.15520543,-98.81754295,24.444444444444443,wmoUnit:degC,87,63,9656.064,wmoUnit:m,FA,A,Flood Watch,Severe,Future,2026-10-01T17:30:00-05:00
Schleicher,30.89661056,-100.538097,25.555555555555557,wmoUnit:degC,64,12,16093.44,wmoUnit:m,,,Flood Watch,Minor,Past,2026-10-01T09:38:02-05:00
Colorado,29.6208542,-96.52630821,31.666666666666668,wmoUnit:degC,66,54,16093.44,wmoUnit:m,,,,,,
Milam,30.78625299,-96.97683495,31.11111111111111,wmoUnit:degC,66,71,9656.064,wmoUnit:m,FA,A,Flood Watch,Severe,Future,2026-10-01T15:00:00-05:00
Live Oak,28.3514375,-98.12474493,33.888888888888886,wmoUnit:degC,56,13,14049.57312,wmoUnit:m,FA,A,Flood Watch,Severe,Future,2026-10-01T13:00:00-05:00
Borden,32.7436916,-101.4317533,23.333333333333332,wmoUnit:degC,51,0,16093.44,wmoUnit:m,,,,,,
McCulloch,31.19896752,-99.34754972,22.77777777777778,wmoUnit:degC,93,33,16093.44,wmoUnit:m,,,Flood Watch,Minor,Past,2026-10-01T09:38:02-05:00
Johnson,32.37899918,-97.36660504,25.555555555555557,wmoUnit:degC,94,84,9656.064,wmoUnit:m,FA,A,Flash Flood Warning,Severe,Immediate,2026-10-01T12:30:00-05:00
Montague,33.67496328,-97.72466993,25.0,wmoUnit:degC,85,60,9656.064,wmoUnit:m,FA,A,Flood Watch,Severe,Future,2026-10-01T15:00:00-05:00
Stonewall,33.17842158,-100.255259,26.11111111111111,wmoUnit:degC,49,0,16093.44,wmoUnit:m,,,,,,
Comal,29.80816362,-98.27814516,28.333333333333332,wmoUnit:degC,74,89,9656.064,wmoUnit:m,FA,A,Flood Advisory,Minor,Expected,2026-10-01T15:00:00-05:00
Eastland,32.32739258,-98.8325713,25.0,wmoUnit:degC,79,31,16093.44,wmoUnit:m,FA,A,Flood Watch,Severe,Future,2026-10-01T15:00:00-05:00
Comanche,31.9490639,-98.55841538,25.555555555555557,wmoUnit:degC,85,51,16093.44,wmoUnit:m,FA,A,Flood Watch,Severe,Future,2026-10-01T15:00:00-05:00
King,33.61641863,-100.2558584,26.11111111111111,wmoUnit:degC,49,0,16093.44,wmoUnit:m,,,,,,
Washington,30.2145299,-96.40356575,31.11111111111111,wmoUnit:degC,70,50,16093.44,wmoUnit:m,,,,,,
Webb,27.76102524,-99.33170164,31.666666666666668,wmoUnit:degC,64,10,15948.59904,wmoUnit:m,FA,A,Flood Watch,Severe,Future,2026-10-01T13:00:00-05:00
Fayette,29.87683207,-96.91968047,32.22222222222222,wmoUnit:degC,66,44,16093.44,wmoUnit:m,,,,,,
Harrison,32.54814898,-94.37155736,31.11111111111111,wmoUnit:degC,57,8,16093.44,wmoUnit:m,,,,,,
Presidio,29.99977786,-104.2405552,22.22222222222222,wmoUnit:degC,41,0,16093.44,wmoUnit:m,,,,,,
Austin,29.88711223,-96.27791829,31.11111111111111,wmoUnit:degC,68,58,16093.44,wmoUnit:m,,,,,,
Randall,34.96594288,-101.8968527,17.77777777777778,wmoUnit:degC,75,2,16093.44,wmoUnit:m,,,Flood Advisory,Minor,Expected,2026-10-01T16:15:00-05:00
Hood,32.43107878,-97.83280338,25.555555555555557,wmoUnit:degC,91,69,9656.064,wmoUnit:m,FA,A,Flood Watch,Severe,Future,2026-10-01T15:00:00-05:00
Victoria,28.79640594,-96.97176602,32.77777777777778,wmoUnit:degC,68,23,16045.15968,wmoUnit:m,,,,,,
Hutchinson,35.84000866,-101.3547257,18.88888888888889,wmoUnit:degC,73,8,16093.44,wmoUnit:m,,,,,,
Coryell,31.39087578,-97.7991883,26.11111111111111,wmoUnit:degC,88,87,9656.064,wmoUnit:m,FA,A,Flood Watch,Severe,Future,2026-10-01T15:00:00-05:00
Jackson,28.95603133,-96.57883268,32.22222222222222,wmoUnit:degC,73,51,16093.44,wmoUnit:m,,,,,,
Taylor,32.30138229,-99.89003941,26.666666666666668,wmoUnit:degC,56,4,16093.44,wmoUnit:m,,,Flood Watch,Minor,Past,2026-10-01T09:38:02-05:00
Zapata,27.00089072,-99.16860134,34.44444444444444,wmoUnit:degC,51,6,,,,,,,,
San Patricio,28.00922186,-97.51859857,32.22222222222222,wmoUnit:degC,75,12,12697.72416,wmoUnit:m,FA,A,Flood Watch,Severe,Future,2026-10-01T13:00:00-05:00
Grimes,30.54360689,-95.98557334,31.666666666666668,wmoUnit:degC,70,48,16093.44,wmoUnit:m,,,,,,
Lamb,34.06861242,-102.3517095,18.88888888888889,wmoUnit:degC,65,1,16093.44,wmoUnit:m,,,,,,
